ISO,channel,gain_DN_per_electron,additive_variance_DN2,black_mean_DN
200,r,0.2908980438314933,0.9199122132151477,150.09405680986686
200,g1,0.24898346990072487,0.5584642682070666,149.88330144943615
200,g2,0.2526042106089024,0.5573359147521548,149.8802769963097
200,b,0.2939027172607402,0.9124930859281358,150.19156178264532
400,r,0.5817191869890224,2.0521988072016444,149.8980482405742
400,g1,0.4976541455762533,1.4705618391967572,150.1186475627442
400,g2,0.5015953991709922,1.4656970065320951,150.1062948903876
400,b,0.5871900127597736,2.0429024982844544,150.0755192954372
800,r,1.1682236906946346,6.344653947070994,149.97796233632093
800,g1,0.998918925473944,4.549986176977706,149.8605272598075
800,g2,1.0005232330055334,4.5391155562290715,149.83027855484323
800,b,1.173624254904015,6.088337424281606,150.1298645132489
1600,r,2.2917902150467993,21.268071686503056,150.20408346343126
1600,g1,1.9622103798532458,15.672489503080111,150.21695990870688
1600,g2,1.964598944048823,15.636896305876668,150.1708142677138
1600,b,2.297655660295861,21.3909147049819,150.33440851012122
3200,r,4.682903095342995,80.6633843347383,150.70376319800505
3200,g1,3.930453383772096,59.46496912448642,150.66909443920534
3200,g2,3.9208059735001197,59.372574598685695,150.52788063218344
3200,b,4.673714346432154,81.20484747046132,150.90892231370907
